id,first_name,last_name,gender,birth_date
1,Gesche,Spieß,Male,2014-12-31
2,Holm,Heintze,Male,1985-11-12
3,Mirjana,Lachmann,Female,1997-06-21
4,Centa,Ruppersberger,Female,2008-11-16
5,Leonid,Jäntsch,Female,1990-12-04
6,Hermann,Hein,Male,1985-08-06
7,Heinz-Walter,Hartmann,Male,1984-12-19
8,Branka,Roht,Female,2007-10-25
9,Wiebke,Textor,Male,2017-02-03
10,Paul-Gerhard,Koch,Female,1995-02-10
11,Günther,Geißler,Male,1981-09-01
12,Jessika,Weihmann,Female,2020-03-23
13,Melanie,Weimer,Male,2020-04-22
14,Karl Heinz,Höfig,Female,1988-09-18
15,Gisela,Stahr,Female,2015-04-10
16,Gülay,Stiffel,Female,2016-01-10
17,Viola,Heß,Female,1987-10-05
18,Ivo,Hentschel,Male,1986-11-06
19,Bastian,Bien,Male,1973-02-26
20,Josef,Hettner,Female,1987-12-28
21,Annerose,Reichmann,Male,2006-01-18
22,Abraham,Ackermann,Male,1970-02-14
23,Enno,Dowerg,Male,1977-08-27
24,Kasimir,Hölzenbecher,Female,1989-05-25
25,Heinz-Günther,Harloff,Male,1984-10-02
26,Nadeshda,Schomber,Female,2012-06-15
27,Sandro,Liebelt,Female,1998-02-11
28,Wally,Hiller,Female,1988-05-30
29,Gerhild,Sontag,Female,2014-08-18
30,Isabel,Vogt,Male,2019-03-19
31,Heimo,Hahn,Male,1984-05-16
32,Martha,Jopich,Female,1991-06-29
33,Evi,Schweitzer,Male,2013-04-02
34,Adrian,Albers,Male,1970-06-02
35,Hardy,Haase,Male,1983-12-14
36,Paulina,Freudenberger,Male,1980-10-17
37,Anne-Kathrin,Preiß,Female,2005-06-04
38,Alfons,Bachmann,Male,1971-03-07
39,Birgitta,Röhricht,Male,2007-09-04
40,André,Baum,Male,1971-11-24
41,Paula,Gertz,Male,1981-11-26
42,Bruni,Rörricht,Male,2008-02-16
43,Anneli,Rädel,Male,2005-10-08
44,Mario,Jungfer,Female,1991-11-20
45,Rolf-Peter,Kusch,Female,1997-04-25
46,Fernando,Eckbauer,Male,1978-09-18
47,Sibel,Niemeier,Female,2003-03-22
48,Hans-Willi,Gute,Male,1983-08-30
49,Dimitrios,Conradi,Male,1976-03-02
50,Willi,Mülichen,Female,2002-04-14
51,Fritz,Fiebig,Male,1979-12-07
52,Gislinde,Stahr,Female,2015-04-20
53,Ursula,Lindau,Female,1998-03-19
54,Goran,Fritsch,Male,1980-12-01
55,Sergio,Linke,Female,1998-06-16
56,Swantje,Mitschke,Female,2001-06-30
57,Verena,Trapp,Female,2017-09-26
58,Karl-Georg,Holsten,Female,1988-11-21
59,Bogdan,Bohlander,Male,1973-12-08
60,Käthe,Wohlgemut,Female,2022-06-21
61,Carmelo,Bolzmann,Male,1974-06-10
62,Silvana,Striebitz,Female,2016-06-12
63,Beatrix,Rogge,Female,2007-02-03
64,Wenzel,Mude,Female,2002-01-01
65,Arnulf,Benthin,Male,1972-09-19
66,Evi,Schweitzer,Female,2013-03-30
67,Erol,Dussen van,Male,1978-03-28
68,Horst-Günter,Heinz,Male,1985-12-24
69,Sybille,Binner,Male,1973-05-24
70,Norbert,Klapp,Female,1994-02-23
71,Reinhold,Kreusel,Female,1996-08-02
72,Heinz-Günter,Hande,Male,1984-09-30
73,Harriet,Striebitz,Male,2016-06-11
74,Heinz-Werner,Hartmann,Male,1984-12-26
75,Rouven,Ladeck,Female,1997-07-15
76,Gislinde,Stahr,Male,2015-04-25
77,Christa,Ruppert,Female,2008-12-17
78,Felix,Eberth,Male,1978-08-03
79,Ingetraut,Trubin,Male,2018-06-14
80,Horst-Günter,Heinz,Male,1985-12-18
81,Sandor,Liebelt,Female,1998-01-31
82,Necati,Kensy,Female,1993-08-11
83,Fridolin,Etzold,Male,1979-07-19
84,Nuran,Gude,Male,1983-03-18
85,Miguel,Kallert,Female,1992-12-22
86,Elif,Schmiedt,Male,2011-10-14
87,Lia,Zänker,Female,1987-08-17
88,Jasmin,Walter,Female,2019-12-07
89,Ana,Pechel,Male,2004-07-19
90,Anselm,Becker,Male,1972-01-08
91,Nelli,Staude,Male,2015-06-05
92,Alexandros,Austermühle,Male,1971-01-20
93,Meinolf,Kade,Female,1992-09-16
94,Annett,Reichmann,Female,2006-01-28
95,Carolina,Roskoth,Female,2008-07-25
96,Jessika,Weihmann,Female,2020-03-28
97,Sabina,Kade,Female,1992-09-20
98,Katja,Wiek,Female,2021-07-27
99,Siegfried,Linke,Female,1998-07-25
100,Bianca,Röhrdanz,Male,2007-06-26
